epidemiological_week,date,order_for_place,state,city,city_ibge_code,place_type,last_available_confirmed,last_available_confirmed_per_100k_inhabitants,new_confirmed,last_available_deaths,new_deaths,last_available_death_rate,estimated_population_2019,is_last,is_repeated
27,2020-07-01,90,SP,Adamantina,3500105,city,58,165.39295,2,5,0,0.0862,35068,False,False
27,2020-07-01,63,SP,Adolfo,3500204,city,22,617.63054,1,2,0,0.0909,3562,False,False
27,2020-07-01,70,SP,Aguaí,3500303,city,75,206.58312,3,4,0,0.0533,36305,False,False
27,2020-07-01,64,SP,Águas da Prata,3500402,city,2,24.44988,0,1,0,0.5,8180,False,False
27,2020-07-01,91,SP,Águas de Lindóia,3500501,city,42,224.53889,0,4,0,0.0952,18705,False,False
27,2020-07-01,55,SP,Águas de Santa Bárbara,3500550,city,6,98.76543,0,0,0,0.0,6075,False,False
27,2020-07-01,83,SP,Águas de São Pedro,3500600,city,8,231.81686,0,0,0,0.0,3451,False,False
27,2020-07-01,91,SP,Agudos,3500709,city,120,322.45929,14,3,0,0.025,37214,False,False
27,2020-07-01,77,SP,Alambari,3500758,city,16,265.56017,0,0,0,0.0,6025,False,False
27,2020-07-01,44,SP,Alfredo Marcondes,3500808,city,5,120.0192,0,2,0,0.4,4166,False,False
27,2020-07-01,47,SP,Altair,3500907,city,2,48.07692,0,0,0,0.0,4160,False,False
27,2020-07-01,50,SP,Altinópolis,3501004,city,18,111.22096,2,0,0,0.0,16184,False,False
27,2020-07-01,54,SP,Alto Alegre,3501103,city,3,73.18858,0,1,0,0.3333,4099,False,False
27,2020-07-01,51,SP,Alumínio,3501152,city,49,263.04488,1,2,0,0.0408,18628,False,False
27,2020-07-01,34,SP,Álvares Florence,3501202,city,5,135.9065,0,0,0,0.0,3679,False,False
27,2020-07-01,65,SP,Álvares Machado,3501301,city,60,240.81878,12,1,0,0.0167,24915,False,False
27,2020-07-01,55,SP,Álvaro de Carvalho,3501400,city,3,57.3943,0,2,0,0.6667,5227,False,False
27,2020-07-01,30,SP,Alvinlândia,3501509,city,1,31.03662,0,0,0,0.0,3222,False,False
27,2020-07-01,93,SP,Americana,3501608,city,579,241.65578,38,26,2,0.0449,239597,False,False
27,2020-07-01,82,SP,Américo Brasiliense,3501707,city,133,328.36263,12,2,0,0.015,40504,False,False
27,2020-07-01,56,SP,Américo de Campos,3501806,city,30,502.59675,2,0,0,0.0,5969,False,False
27,2020-07-01,82,SP,Amparo,3501905,city,151,209.15576,5,7,0,0.0464,72195,False,False
27,2020-07-01,22,SP,Analândia,3502002,city,4,80.08008,0,0,0,0.0,4995,False,False
27,2020-07-01,78,SP,Andradina,3502101,city,63,110.22272,0,4,0,0.0635,57157,False,False
27,2020-07-01,75,SP,Angatuba,3502200,city,58,229.90328,2,2,0,0.0345,25228,False,False
27,2020-07-01,63,SP,Anhembi,3502309,city,2,29.7442,0,0,0,0.0,6724,False,False
27,2020-07-01,47,SP,Anhumas,3502408,city,4,97.20535,0,0,0,0.0,4115,False,False
27,2020-07-01,75,SP,Aparecida,3502507,city,25,69.1429,6,0,0,0.0,36157,False,False
27,2020-07-01,21,SP,Aparecida d'Oeste,3502606,city,5,119.16111,0,0,0,0.0,4196,False,False
27,2020-07-01,78,SP,Apiaí,3502705,city,35,143.59563,0,1,0,0.0286,24374,False,False
27,2020-07-01,82,SP,Araçariguama,3502754,city,69,308.53157,0,2,0,0.029,22364,False,False
27,2020-07-01,93,SP,Araçatuba,3502804,city,774,392.86149,69,19,0,0.0245,197016,False,False
27,2020-07-01,83,SP,Araçoiaba da Serra,3502903,city,95,278.21707,1,3,0,0.0316,34146,False,False
27,2020-07-01,21,SP,Aramina,3503000,city,11,195.72954,1,1,0,0.0909,5620,False,False
27,2020-07-01,76,SP,Arandu,3503109,city,13,204.49898,0,2,0,0.1538,6357,False,False
27,2020-07-01,23,SP,Arapeí,3503158,city,1,40.50223,0,1,0,1.0,2469,False,False
27,2020-07-01,91,SP,Araraquara,3503208,city,984,416.82199,33,11,0,0.0112,236072,False,False
27,2020-07-01,86,SP,Araras,3503307,city,476,354.59936,21,13,2,0.0273,134236,False,False
27,2020-07-01,67,SP,Arealva,3503406,city,5,58.41121,0,0,0,0.0,8560,False,False
27,2020-07-01,8,SP,Areias,3503505,city,1,25.7334,0,0,0,0.0,3886,False,False
27,2020-07-01,70,SP,Areiópolis,3503604,city,21,188.6962,0,3,0,0.1429,11129,False,False
27,2020-07-01,43,SP,Ariranha,3503703,city,46,475.79644,2,0,0,0.0,9668,False,False
27,2020-07-01,84,SP,Artur Nogueira,3503802,city,71,130.49552,4,2,0,0.0282,54408,False,False
27,2020-07-01,98,SP,Arujá,3503901,city,556,618.98824,16,40,1,0.0719,89824,False,False
27,2020-07-01,30,SP,Aspásia,3503950,city,19,1042.8101,0,0,0,0.0,1822,False,False
27,2020-07-01,91,SP,Assis,3504008,city,203,194.47052,21,11,0,0.0542,104386,False,False
27,2020-07-01,90,SP,Atibaia,3504107,city,218,152.70277,9,11,0,0.0505,142761,False,False
27,2020-07-01,66,SP,Auriflama,3504206,city,45,296.26704,1,1,0,0.0222,15189,False,False
27,2020-07-01,75,SP,Avaí,3504305,city,10,185.08236,0,0,0,0.0,5403,False,False
27,2020-07-01,55,SP,Avanhandava,3504404,city,5,36.63272,0,0,0,0.0,13649,False,False
27,2020-07-01,85,SP,Avaré,3504503,city,121,133.47306,-1,10,0,0.0826,90655,False,False
27,2020-07-01,85,SP,Bady Bassitt,3504602,city,97,554.22237,8,5,0,0.0515,17502,False,False
27,2020-07-01,13,SP,Balbinos,3504701,city,0,,0,0,0,0.0,5735,False,False
27,2020-07-01,44,SP,Bálsamo,3504800,city,28,308.77812,4,0,0,0.0,9068,False,False
27,2020-07-01,56,SP,Bananal,3504909,city,7,63.95614,0,0,0,0.0,10945,False,False
27,2020-07-01,43,SP,Barão de Antonina,3505005,city,10,288.26751,1,0,0,0.0,3469,False,False
27,2020-07-01,53,SP,Barbosa,3505104,city,4,54.03945,0,0,0,0.0,7402,False,False
27,2020-07-01,79,SP,Bariri,3505203,city,73,207.00998,0,2,0,0.0274,35264,False,False
27,2020-07-01,69,SP,Barra Bonita,3505302,city,136,376.46017,12,3,0,0.0221,36126,False,False
27,2020-07-01,13,SP,Barra do Chapéu,3505351,city,3,52.4109,0,0,0,0.0,5724,False,False
27,2020-07-01,84,SP,Barra do Turvo,3505401,city,14,182.79149,1,1,0,0.0714,7659,False,False
27,2020-07-01,86,SP,Barretos,3505500,city,1038,850.13678,50,37,1,0.0356,122098,False,False
27,2020-07-01,70,SP,Barrinha,3505609,city,98,298.67122,6,5,0,0.051,32812,False,False
27,2020-07-01,106,SP,Barueri,3505708,city,2143,781.59762,39,205,3,0.0957,274182,False,False
27,2020-07-01,42,SP,Bastos,3505807,city,6,28.63552,1,0,0,0.0,20953,False,False
27,2020-07-01,85,SP,Batatais,3505906,city,71,113.58546,3,1,0,0.0141,62508,False,False
27,2020-07-01,93,SP,Bauru,3506003,city,1409,373.92057,40,29,3,0.0206,376818,False,False
27,2020-07-01,86,SP,Bebedouro,3506102,city,86,110.97347,5,6,0,0.0698,77496,False,False
27,2020-07-01,26,SP,Bento de Abreu,3506201,city,4,134.22819,0,0,0,0.0,2980,False,False
27,2020-07-01,57,SP,Bernardino de Campos,3506300,city,22,197.34482,0,0,0,0.0,11148,False,False
27,2020-07-01,58,SP,Bertioga,3506359,city,534,844.28212,96,14,0,0.0262,63249,False,False
27,2020-07-01,78,SP,Bilac,3506409,city,5,62.2355,-1,0,0,0.0,8034,False,False
27,2020-07-01,87,SP,Birigui,3506508,city,261,211.10015,12,9,1,0.0345,123638,False,False
27,2020-07-01,70,SP,Biritiba-Mirim,3506607,city,73,223.94012,1,7,0,0.0959,32598,False,False
27,2020-07-01,43,SP,Boa Esperança do Sul,3506706,city,26,174.2277,4,1,0,0.0385,14923,False,False
27,2020-07-01,65,SP,Bocaina,3506805,city,49,397.43694,3,2,0,0.0408,12329,False,False
27,2020-07-01,40,SP,Bofete,3506904,city,48,409.20716,0,3,0,0.0625,11730,False,False
27,2020-07-01,87,SP,Boituva,3507001,city,255,418.05335,17,8,0,0.0314,60997,False,False
27,2020-07-01,68,SP,Bom Jesus dos Perdões,3507100,city,31,121.81704,1,0,0,0.0,25448,False,False
27,2020-07-01,29,SP,Borá,3507209,city,1,119.47431,0,0,0,0.0,837,False,False
27,2020-07-01,47,SP,Boracéia,3507308,city,17,352.47771,0,0,0,0.0,4823,False,False
27,2020-07-01,69,SP,Borborema,3507407,city,30,186.96248,1,0,0,0.0,16046,False,False
27,2020-07-01,68,SP,Borebi,3507456,city,11,414.62495,0,1,0,0.0909,2653,False,False
27,2020-07-01,89,SP,Botucatu,3507506,city,655,447.10813,24,15,0,0.0229,146497,False,False
27,2020-07-01,86,SP,Bragança Paulista,3507605,city,585,346.8352,46,13,0,0.0222,168668,False,False
27,2020-07-01,25,SP,Braúna,3507704,city,17,298.97995,0,1,0,0.0588,5686,False,False
27,2020-07-01,57,SP,Brejo Alegre,3507753,city,5,174.52007,0,0,0,0.0,2865,False,False
27,2020-07-01,94,SP,Brodowski,3507803,city,87,348.8512,2,2,0,0.023,24939,False,False
27,2020-07-01,50,SP,Brotas,3507902,city,14,57.37,1,0,0,0.0,24403,False,False
27,2020-07-01,48,SP,Buri,3508009,city,37,186.13543,2,4,3,0.1081,19878,False,False
27,2020-07-01,78,SP,Buritama,3508108,city,37,215.81895,1,2,0,0.0541,17144,False,False
27,2020-07-01,33,SP,Buritizal,3508207,city,6,133.89868,0,0,0,0.0,4481,False,False
27,2020-07-01,23,SP,Cabrália Paulista,3508306,city,11,257.97373,1,0,0,0.0,4264,False,False
27,2020-07-01,71,SP,Cabreúva,3508405,city,299,601.52494,11,16,0,0.0535,49707,False,False
27,2020-07-01,85,SP,Caçapava,3508504,city,170,180.34648,10,8,0,0.0471,94263,False,False
27,2020-07-01,93,SP,Cachoeira Paulista,3508603,city,44,132.02508,3,1,0,0.0227,33327,False,False
27,2020-07-01,65,SP,Caconde,3508702,city,3,15.80195,0,0,0,0.0,18985,False,False
27,2020-07-01,19,SP,Cafelândia,3508801,city,20,112.56824,0,2,0,0.1,17767,False,False
27,2020-07-01,82,SP,Caiabu,3508900,city,9,214.74588,0,1,0,0.1111,4191,False,False
27,2020-07-01,99,SP,Caieiras,3509007,city,647,637.62688,11,53,0,0.0819,101470,False,False
27,2020-07-01,28,SP,Caiuá,3509106,city,2,34.04835,-1,0,0,0.0,5874,False,False
27,2020-07-01,94,SP,Cajamar,3509205,city,660,859.36381,18,43,1,0.0652,76801,False,False
27,2020-07-01,70,SP,Cajati,3509254,city,79,276.71722,0,2,0,0.0253,28549,False,False
27,2020-07-01,63,SP,Cajobi,3509304,city,19,180.23146,0,1,0,0.0526,10542,False,False
27,2020-07-01,79,SP,Cajuru,3509403,city,39,149.04269,14,2,0,0.0513,26167,False,False
27,2020-07-01,48,SP,Campina do Monte Alegre,3509452,city,42,697.21116,3,0,0,0.0,6024,False,False
27,2020-07-01,106,SP,Campinas,3509502,city,8424,699.62535,404,324,8,0.0385,1204073,False,False
27,2020-07-01,77,SP,Campo Limpo Paulista,3509601,city,267,315.41642,21,30,0,0.1124,84650,False,False
27,2020-07-01,80,SP,Campos do Jordão,3509700,city,147,282.21471,15,1,0,0.0068,52088,False,False
27,2020-07-01,34,SP,Campos Novos Paulista,3509809,city,2,40.28197,0,0,0,0.0,4965,False,False
27,2020-07-01,75,SP,Cananéia,3509908,city,42,334.92823,2,3,0,0.0714,12540,False,False
27,2020-07-01,56,SP,Canas,3509957,city,1,19.46283,0,0,0,0.0,5138,False,False
27,2020-07-01,58,SP,Cândido Mota,3510005,city,45,143.86189,1,1,0,0.0222,31280,False,False
27,2020-07-01,41,SP,Cândido Rodrigues,3510104,city,18,644.46831,0,0,0,0.0,2793,False,False
27,2020-07-01,78,SP,Capão Bonito,3510203,city,95,201.53592,1,9,0,0.0947,47138,False,False
27,2020-07-01,72,SP,Capela do Alto,3510302,city,92,444.31566,0,0,0,0.0,20706,False,False
27,2020-07-01,44,SP,Capivari,3510401,city,234,419.59547,1,0,0,0.0,55768,False,False
27,2020-07-01,87,SP,Caraguatatuba,3510500,city,407,334.89122,10,27,5,0.0663,121532,False,False
27,2020-07-01,110,SP,Carapicuíba,3510609,city,2540,633.53179,42,146,1,0.0575,400927,False,False
27,2020-07-01,41,SP,Cardoso,3510708,city,17,137.91984,2,1,0,0.0588,12326,False,False
27,2020-07-01,50,SP,Casa Branca,3510807,city,21,69.12442,1,1,0,0.0476,30380,False,False
27,2020-07-01,33,SP,Cássia dos Coqueiros,3510906,city,9,356.71819,0,0,0,0.0,2523,False,False
27,2020-07-01,77,SP,Castilho,3511003,city,19,90.45035,5,1,0,0.0526,21006,False,False
27,2020-07-01,86,SP,Catanduva,3511102,city,471,386.50277,16,25,1,0.0531,121862,False,False
27,2020-07-01,52,SP,Catiguá,3511201,city,27,345.97642,1,1,0,0.037,7804,False,False
27,2020-07-01,89,SP,Cedral,3511300,city,23,248.99859,2,0,0,0.0,9237,False,False
27,2020-07-01,57,SP,Cerqueira César,3511409,city,23,115.08631,1,1,0,0.0435,19985,False,False
27,2020-07-01,49,SP,Cerquilho,3511508,city,61,124.6195,1,7,1,0.1148,48949,False,False
27,2020-07-01,45,SP,Cesário Lange,3511607,city,22,121.22548,0,2,0,0.0909,18148,False,False
27,2020-07-01,63,SP,Charqueada,3511706,city,101,587.5509,3,3,0,0.0297,17190,False,False
27,2020-07-01,72,SP,Chavantes,3557204,city,4,32.21131,0,0,0,0.0,12418,False,False
27,2020-07-01,8,SP,Clementina,3511904,city,5,58.02483,3,0,0,0.0,8617,False,False
27,2020-07-01,65,SP,Colina,3512001,city,53,286.98289,3,6,0,0.1132,18468,False,False
27,2020-07-01,20,SP,Colômbia,3512100,city,7,112.72142,1,0,0,0.0,6210,False,False
27,2020-07-01,62,SP,Conchal,3512209,city,27,96.25668,1,0,0,0.0,28050,False,False
27,2020-07-01,79,SP,Conchas,3512308,city,31,173.22307,2,3,0,0.0968,17896,False,False
27,2020-07-01,69,SP,Cordeirópolis,3512407,city,263,1072.24397,3,5,0,0.019,24528,False,False
27,2020-07-01,62,SP,Coroados,3512506,city,19,313.63486,2,2,0,0.1053,6058,False,False
27,2020-07-01,34,SP,Coronel Macedo,3512605,city,2,42.72591,0,2,0,1.0,4681,False,False
27,2020-07-01,26,SP,Corumbataí,3512704,city,17,419.23551,1,0,0,0.0,4055,False,False
27,2020-07-01,65,SP,Cosmópolis,3512803,city,253,350.16332,22,7,2,0.0277,72252,False,False
27,2020-07-01,65,SP,Cosmorama,3512902,city,18,246.33913,0,2,0,0.1111,7307,False,False
27,2020-07-01,106,SP,Cotia,3513009,city,1458,585.04875,50,90,1,0.0617,249210,False,False
27,2020-07-01,90,SP,Cravinhos,3513108,city,64,181.34421,0,6,0,0.0938,35292,False,False
27,2020-07-01,21,SP,Cristais Paulista,3513207,city,6,69.51686,0,0,0,0.0,8631,False,False
27,2020-07-01,78,SP,Cruzeiro,3513405,city,84,102.14256,7,2,0,0.0238,82238,False,False
27,2020-07-01,83,SP,Cubatão,3513504,city,2210,1690.8305,57,87,0,0.0394,130705,False,False
27,2020-07-01,57,SP,Cunha,3513603,city,9,41.76916,2,0,0,0.0,21547,False,False
27,2020-07-01,46,SP,Descalvado,3513702,city,35,103.80212,0,2,0,0.0571,33718,False,False
27,2020-07-01,97,SP,Diadema,3513801,city,3327,784.88454,71,177,2,0.0532,423884,False,False
27,2020-07-01,22,SP,Dirce Reis,3513850,city,1,55.77245,0,0,0,0.0,1793,False,False
27,2020-07-01,55,SP,Divinolândia,3513900,city,2,17.94366,0,0,0,0.0,11146,False,False
27,2020-07-01,69,SP,Dobrada,3514007,city,13,145.59301,0,0,0,0.0,8929,False,False
27,2020-07-01,57,SP,Dois Córregos,3514106,city,14,51.25389,0,2,0,0.1429,27315,False,False
27,2020-07-01,40,SP,Dolcinópolis,3514205,city,13,614.65721,2,2,0,0.1538,2115,False,False
27,2020-07-01,47,SP,Dourado,3514304,city,26,293.02378,2,0,0,0.0,8873,False,False
27,2020-07-01,91,SP,Dracena,3514403,city,74,158.14331,4,4,0,0.0541,46793,False,False
27,2020-07-01,77,SP,Duartina,3514502,city,27,216.9546,-1,1,0,0.037,12445,False,False
27,2020-07-01,57,SP,Dumont,3514601,city,17,172.27402,2,0,0,0.0,9868,False,False
27,2020-07-01,29,SP,Echaporã,3514700,city,2,32.77614,0,1,0,0.5,6102,False,False
27,2020-07-01,84,SP,Eldorado,3514809,city,35,225.89389,0,1,0,0.0286,15494,False,False
27,2020-07-01,73,SP,Elias Fausto,3514908,city,46,258.83412,6,4,0,0.087,17772,False,False
27,2020-07-01,50,SP,Elisiário,3514924,city,2,54.77951,0,0,0,0.0,3651,False,False
27,2020-07-01,30,SP,Embaúba,3514957,city,18,734.09462,0,1,0,0.0556,2452,False,False
27,2020-07-01,99,SP,Embu das Artes,3515004,city,1266,462.5063,34,92,4,0.0727,273726,False,False
27,2020-07-01,87,SP,Embu-Guaçu,3515103,city,356,513.0792,23,12,0,0.0337,69385,False,False
27,2020-07-01,51,SP,Emilianópolis,3515129,city,6,186.68326,0,2,0,0.3333,3214,False,False
27,2020-07-01,69,SP,Engenheiro Coelho,3515152,city,98,471.76624,12,2,0,0.0204,20773,False,False
27,2020-07-01,70,SP,Espírito Santo do Pinhal,3515186,city,62,139.86014,3,1,0,0.0161,44330,False,False
27,2020-07-01,16,SP,Espírito Santo do Turvo,3515194,city,9,186.37399,0,0,0,0.0,4829,False,False
27,2020-07-01,82,SP,Estiva Gerbi,3557303,city,30,265.39278,3,1,0,0.0333,11304,False,False
27,2020-07-01,69,SP,Estrela d'Oeste,3515202,city,130,1544.12638,6,3,0,0.0231,8419,False,False
27,2020-07-01,16,SP,Estrela do Norte,3515301,city,7,253.07303,0,0,0,0.0,2766,False,False
27,2020-07-01,40,SP,Euclides da Cunha Paulista,3515350,city,4,42.68488,0,0,0,0.0,9371,False,False
27,2020-07-01,77,SP,Fartura,3515400,city,27,168.37116,0,1,0,0.037,16036,False,False
27,2020-07-01,78,SP,Fernandópolis,3515509,city,457,661.20725,46,5,1,0.0109,69116,False,False
27,2020-07-01,51,SP,Fernando Prestes,3515608,city,9,155.62857,1,1,1,0.1111,5783,False,False
27,2020-07-01,42,SP,Fernão,3515657,city,0,,0,0,0,0.0,1716,False,False
27,2020-07-01,112,SP,Ferraz de Vasconcelos,3515707,city,963,495.68655,16,78,2,0.081,194276,False,False
27,2020-07-01,9,SP,Flora Rica,3515806,city,5,341.53005,0,0,0,0.0,1464,False,False
27,2020-07-01,35,SP,Floreal,3515905,city,13,445.66335,0,1,0,0.0769,2917,False,False
27,2020-07-01,55,SP,Flórida Paulista,3516002,city,16,109.28962,3,0,0,0.0,14640,False,False
27,2020-07-01,91,SP,Franca,3516200,city,255,72.19971,14,9,0,0.0353,353187,False,False
27,2020-07-01,91,SP,Francisco Morato,3516309,city,1006,572.098,27,49,1,0.0487,175844,False,False
27,2020-07-01,93,SP,Franco da Rocha,3516408,city,834,539.84426,17,71,1,0.0851,154489,False,False
27,2020-07-01,30,SP,Gabriel Monteiro,3516507,city,6,216.13833,0,1,0,0.1667,2776,False,False
27,2020-07-01,55,SP,Gália,3516606,city,2,30.54368,1,0,0,0.0,6548,False,False
27,2020-07-01,80,SP,Garça,3516705,city,31,69.83555,1,0,0,0.0,44390,False,False
27,2020-07-01,56,SP,Gastão Vidigal,3516804,city,45,935.9401,8,9,0,0.2,4808,False,False
27,2020-07-01,41,SP,Gavião Peixoto,3516853,city,16,334.09898,0,0,0,0.0,4789,False,False
27,2020-07-01,51,SP,General Salgado,3516903,city,50,460.02392,1,0,0,0.0,10869,False,False
27,2020-07-01,55,SP,Getulina,3517000,city,7,61.35507,3,0,0,0.0,11409,False,False
27,2020-07-01,19,SP,Glicério,3517109,city,6,124.61059,2,0,0,0.0,4815,False,False
27,2020-07-01,54,SP,Guaiçara,3517208,city,54,443.78698,4,0,0,0.0,12168,False,False
27,2020-07-01,49,SP,Guaimbê,3517307,city,9,156.11448,0,1,0,0.1111,5765,False,False
27,2020-07-01,69,SP,Guaíra,3517406,city,161,394.70458,4,3,0,0.0186,40790,False,False
27,2020-07-01,57,SP,Guapiaçu,3517505,city,83,386.87424,0,7,0,0.0843,21454,False,False
27,2020-07-01,51,SP,Guapiara,3517604,city,26,151.54164,1,4,0,0.1538,17157,False,False
27,2020-07-01,65,SP,Guará,3517703,city,11,51.83789,0,1,0,0.0909,21220,False,False
27,2020-07-01,58,SP,Guaraçaí,3517802,city,4,48.05959,0,0,0,0.0,8323,False,False
27,2020-07-01,49,SP,Guaraci,3517901,city,7,62.56704,0,0,0,0.0,11188,False,False
27,2020-07-01,48,SP,Guarani d'Oeste,3518008,city,22,1100.0,3,0,0,0.0,2000,False,False
27,2020-07-01,35,SP,Guarantã,3518107,city,26,390.15606,0,0,0,0.0,6664,False,False
27,2020-07-01,89,SP,Guararapes,3518206,city,91,276.26825,5,1,0,0.011,32939,False,False
27,2020-07-01,85,SP,Guararema,3518305,city,135,453.05054,1,11,0,0.0815,29798,False,False
27,2020-07-01,84,SP,Guaratinguetá,3518404,city,118,96.88172,6,3,0,0.0254,121798,False,False
27,2020-07-01,56,SP,Guareí,3518503,city,66,356.37149,0,1,0,0.0152,18520,False,False
27,2020-07-01,64,SP,Guariba,3518602,city,201,501.18439,7,4,1,0.0199,40105,False,False
27,2020-07-01,93,SP,Guarujá,3518701,city,3726,1162.70724,32,131,1,0.0352,320459,False,False
27,2020-07-01,107,SP,Guarulhos,3518800,city,7118,516.10302,275,693,11,0.0974,1379182,False,False
27,2020-07-01,28,SP,Guatapará,3518859,city,10,130.61651,2,0,0,0.0,7656,False,False
27,2020-07-01,73,SP,Guzolândia,3518909,city,2,37.97228,1,0,0,0.0,5267,False,False
27,2020-07-01,51,SP,Herculândia,3519006,city,25,262.43964,1,0,0,0.0,9526,False,False
27,2020-07-01,68,SP,Holambra,3519055,city,32,214.33356,2,0,0,0.0,14930,False,False
27,2020-07-01,104,SP,Hortolândia,3519071,city,812,351.74203,40,28,2,0.0345,230851,False,False
27,2020-07-01,57,SP,Iacanga,3519105,city,5,42.69855,1,0,0,0.0,11710,False,False
27,2020-07-01,40,SP,Iacri,3519204,city,6,94.92169,1,0,0,0.0,6321,False,False
27,2020-07-01,14,SP,Iaras,3519253,city,3,32.46753,0,1,0,0.3333,9240,False,False
27,2020-07-01,62,SP,Ibaté,3519303,city,93,264.92707,9,0,0,0.0,35104,False,False
27,2020-07-01,82,SP,Ibirá,3519402,city,28,225.93399,8,2,0,0.0714,12393,False,False
27,2020-07-01,58,SP,Ibirarema,3519501,city,21,270.86289,0,0,0,0.0,7753,False,False
27,2020-07-01,63,SP,Ibitinga,3519600,city,160,266.52008,4,6,1,0.0375,60033,False,False
27,2020-07-01,86,SP,Ibiúna,3519709,city,156,197.77378,3,10,0,0.0641,78878,False,False
27,2020-07-01,18,SP,Icém,3519808,city,3,36.39452,0,0,0,0.0,8243,False,False
27,2020-07-01,74,SP,Iepê,3519907,city,2,24.51281,0,1,0,0.5,8159,False,False
27,2020-07-01,66,SP,Igaraçu do Tietê,3520004,city,89,360.70357,6,2,0,0.0225,24674,False,False
27,2020-07-01,78,SP,Igarapava,3520103,city,59,193.87487,5,2,0,0.0339,30432,False,False
27,2020-07-01,80,SP,Igaratá,3520202,city,154,1615.27166,2,2,0,0.013,9534,False,False
27,2020-07-01,75,SP,Iguape,3520301,city,102,330.55709,1,1,0,0.0098,30857,False,False
27,2020-07-01,84,SP,Ilhabela,3520400,city,183,523.30569,9,2,0,0.0109,34970,False,False
27,2020-07-01,87,SP,Ilha Comprida,3520426,city,41,367.1861,0,2,0,0.0488,11166,False,False
27,2020-07-01,76,SP,Ilha Solteira,3520442,city,25,93.68208,3,0,0,0.0,26686,False,False
27,2020-07-01,105,SP,Importados/Indefinidos,,city,49,,-2,0,0,0.0,,False,False
27,2020-07-01,92,SP,Indaiatuba,3520509,city,627,249.17835,39,44,0,0.0702,251627,False,False
27,2020-07-01,54,SP,Indiana,3520608,city,29,593.65404,1,0,0,0.0,4885,False,False
27,2020-07-01,35,SP,Indiaporã,3520707,city,11,282.26841,0,0,0,0.0,3897,False,False
27,2020-07-01,54,SP,Inúbia Paulista,3520806,city,2,50.11275,0,0,0,0.0,3991,False,False
27,2020-07-01,22,SP,Ipaussu,3520905,city,16,106.87329,4,0,0,0.0,14971,False,False
27,2020-07-01,59,SP,Iperó,3521002,city,51,137.34414,0,0,0,0.0,37133,False,False
27,2020-07-01,44,SP,Ipeúna,3521101,city,18,238.53697,0,0,0,0.0,7546,False,False
27,2020-07-01,54,SP,Ipiguá,3521150,city,22,408.01187,0,2,0,0.0909,5392,False,False
27,2020-07-01,1,SP,Iporanga,3521200,city,1,23.70792,1,0,0,0.0,4218,False,False
27,2020-07-01,56,SP,Ipuã,3521309,city,83,505.81998,4,1,0,0.012,16409,False,False
27,2020-07-01,99,SP,Iracemápolis,3521408,city,181,746.85372,8,4,0,0.0221,24235,False,False
27,2020-07-01,38,SP,Irapuã,3521507,city,9,112.59852,2,0,0,0.0,7993,False,False
27,2020-07-01,57,SP,Irapuru,3521606,city,30,361.70726,1,1,0,0.0333,8294,False,False
27,2020-07-01,49,SP,Itaberá,3521705,city,12,68.3527,1,0,0,0.0,17556,False,False
27,2020-07-01,62,SP,Itaí,3521804,city,22,81.10599,1,0,0,0.0,27125,False,False
27,2020-07-01,68,SP,Itajobi,3521903,city,94,615.90879,2,3,0,0.0319,15262,False,False
27,2020-07-01,21,SP,Itaju,3522000,city,15,391.13429,1,0,0,0.0,3835,False,False
27,2020-07-01,92,SP,Itanhaém,3522109,city,188,184.64681,14,24,-1,0.1277,101816,False,False
27,2020-07-01,47,SP,Itaóca,3522158,city,5,150.24038,0,0,0,0.0,3328,False,False
27,2020-07-01,93,SP,Itapecerica da Serra,3522208,city,1040,591.94163,33,82,5,0.0788,175693,False,False
27,2020-07-01,88,SP,Itapetininga,3522307,city,284,173.27533,8,19,0,0.0669,163901,False,False
27,2020-07-01,84,SP,Itapeva,3522406,city,79,83.72724,3,2,0,0.0253,94354,False,False
27,2020-07-01,94,SP,Itapevi,3522505,city,1201,505.25873,34,134,1,0.1116,237700,False,False
27,2020-07-01,89,SP,Itapira,3522604,city,170,227.35479,3,11,0,0.0647,74773,False,False
27,2020-07-01,9,SP,Itapirapuã Paulista,3522653,city,10,235.79344,0,0,0,0.0,4241,False,False
27,2020-07-01,49,SP,Itápolis,3522703,city,37,85.80705,1,1,0,0.027,43120,False,False
27,2020-07-01,41,SP,Itaporanga,3522802,city,9,59.40986,0,0,0,0.0,15149,False,False
27,2020-07-01,57,SP,Itapuí,3522901,city,36,257.28988,0,1,0,0.0278,13992,False,False
27,2020-07-01,57,SP,Itapura,3523008,city,8,163.06563,1,1,0,0.125,4906,False,False
27,2020-07-01,93,SP,Itaquaquecetuba,3523107,city,1439,388.05785,26,135,2,0.0938,370821,False,False
27,2020-07-01,91,SP,Itararé,3523206,city,34,67.32273,1,1,0,0.0294,50503,False,False
27,2020-07-01,70,SP,Itariri,3523305,city,74,424.40927,1,3,0,0.0405,17436,False,False
27,2020-07-01,86,SP,Itatiba,3523404,city,185,153.0722,8,7,0,0.0378,120858,False,False
27,2020-07-01,84,SP,Itatinga,3523503,city,48,231.91767,1,1,0,0.0208,20697,False,False
27,2020-07-01,69,SP,Itirapina,3523602,city,30,165.22553,6,1,1,0.0333,18157,False,False
27,2020-07-01,44,SP,Itirapuã,3523701,city,2,30.77397,0,1,0,0.5,6499,False,False
27,2020-07-01,57,SP,Itobi,3523800,city,14,178.54865,2,0,0,0.0,7841,False,False
27,2020-07-01,91,SP,Itu,3523909,city,577,331.72549,31,35,0,0.0607,173939,False,False
27,2020-07-01,94,SP,Itupeva,3524006,city,326,532.22752,42,9,0,0.0276,61252,False,False
27,2020-07-01,66,SP,Ituverava,3524105,city,19,45.42846,0,1,0,0.0526,41824,False,False
27,2020-07-01,71,SP,Jaborandi,3524204,city,57,822.62953,10,1,0,0.0175,6929,False,False
27,2020-07-01,90,SP,Jaboticabal,3524303,city,84,108.71957,3,7,1,0.0833,77263,False,False
27,2020-07-01,85,SP,Jacareí,3524402,city,741,317.12474,58,31,2,0.0418,233662,False,False
27,2020-07-01,84,SP,Jaci,3524501,city,82,1160.32263,0,2,0,0.0244,7067,False,False
27,2020-07-01,62,SP,Jacupiranga,3524600,city,60,335.83343,13,4,0,0.0667,17866,False,False
27,2020-07-01,106,SP,Jaguariúna,3524709,city,172,299.19288,10,4,0,0.0233,57488,False,False
27,2020-07-01,85,SP,Jales,3524808,city,192,390.98296,9,2,0,0.0104,49107,False,False
27,2020-07-01,57,SP,Jambeiro,3524907,city,16,242.3508,0,1,0,0.0625,6602,False,False
27,2020-07-01,94,SP,Jandira,3525003,city,492,393.79847,5,37,0,0.0752,124937,False,False
27,2020-07-01,81,SP,Jardinópolis,3525102,city,104,234.33979,2,7,0,0.0673,44380,False,False
27,2020-07-01,69,SP,Jarinu,3525201,city,121,402.74264,13,15,0,0.124,30044,False,False
27,2020-07-01,91,SP,Jaú,3525300,city,445,296.1691,18,13,0,0.0292,150252,False,False
27,2020-07-01,85,SP,Joanópolis,3525508,city,5,37.82148,1,0,0,0.0,13220,False,False
27,2020-07-01,28,SP,João Ramalho,3525607,city,8,176.87376,1,0,0,0.0,4523,False,False
27,2020-07-01,89,SP,José Bonifácio,3525706,city,115,310.68486,9,3,0,0.0261,37015,False,False
27,2020-07-01,27,SP,Júlio Mesquita,3525805,city,6,125.62814,0,1,0,0.1667,4776,False,False
27,2020-07-01,13,SP,Jumirim,3525854,city,4,118.80012,0,0,0,0.0,3367,False,False
27,2020-07-01,99,SP,Jundiaí,3525904,city,3759,897.21741,132,180,2,0.0479,418962,False,False
27,2020-07-01,75,SP,Junqueirópolis,3526001,city,38,183.7613,3,1,0,0.0263,20679,False,False
27,2020-07-01,69,SP,Juquiá,3526100,city,73,388.05018,1,1,0,0.0137,18812,False,False
27,2020-07-01,76,SP,Juquitiba,3526209,city,110,349.82827,4,5,0,0.0455,31444,False,False
27,2020-07-01,85,SP,Laranjal Paulista,3526407,city,74,259.50344,8,2,0,0.027,28516,False,False
27,2020-07-01,55,SP,Lavínia,3526506,city,5,41.73623,4,0,0,0.0,11980,False,False
27,2020-07-01,69,SP,Lavrinhas,3526605,city,10,137.74105,0,1,0,0.1,7260,False,False
27,2020-07-01,79,SP,Leme,3526704,city,362,350.12719,40,10,0,0.0276,103391,False,False
27,2020-07-01,93,SP,Lençóis Paulista,3526803,city,1008,1472.99509,40,19,0,0.0188,68432,False,False
27,2020-07-01,92,SP,Limeira,3526902,city,921,300.8683,106,36,0,0.0391,306114,False,False
27,2020-07-01,65,SP,Lindóia,3527009,city,8,100.25063,0,0,0,0.0,7980,False,False
27,2020-07-01,79,SP,Lins,3527108,city,237,303.79552,39,10,1,0.0422,78013,False,False
27,2020-07-01,78,SP,Lorena,3527207,city,115,129.64174,2,5,0,0.0435,88706,False,False
27,2020-07-01,19,SP,Lourdes,3527256,city,1,43.6872,0,0,0,0.0,2289,False,False
27,2020-07-01,98,SP,Louveira,3527306,city,222,454.12703,13,9,0,0.0405,48885,False,False
27,2020-07-01,70,SP,Lucélia,3527405,city,37,170.13841,0,5,0,0.1351,21747,False,False
27,2020-07-01,4,SP,Lucianópolis,3527504,city,1,41.77109,0,0,0,0.0,2394,False,False
27,2020-07-01,51,SP,Luís Antônio,3527603,city,31,207.39948,3,2,0,0.0645,14947,False,False
27,2020-07-01,26,SP,Luiziânia,3527702,city,4,69.08463,1,0,0,0.0,5790,False,False
27,2020-07-01,16,SP,Lupércio,3527801,city,13,283.59511,0,0,0,0.0,4584,False,False
27,2020-07-01,34,SP,Lutécia,3527900,city,1,37.75009,0,0,0,0.0,2649,False,False
27,2020-07-01,80,SP,Macatuba,3528007,city,287,1672.20183,13,2,0,0.007,17163,False,False
27,2020-07-01,42,SP,Macaubal,3528106,city,16,197.04433,1,2,1,0.125,8120,False,False
27,2020-07-01,78,SP,Macedônia,3528205,city,6,162.24986,2,0,0,0.0,3698,False,False
27,2020-07-01,48,SP,Magda,3528304,city,11,352.67714,0,0,0,0.0,3119,False,False
27,2020-07-01,79,SP,Mairinque,3528403,city,143,303.28738,4,9,0,0.0629,47150,False,False
27,2020-07-01,98,SP,Mairiporã,3528502,city,271,270.51578,12,25,0,0.0923,100179,False,False
27,2020-07-01,44,SP,Manduri,3528601,city,12,121.8769,0,0,0,0.0,9846,False,False
27,2020-07-01,7,SP,Marabá Paulista,3528700,city,2,34.17051,0,0,0,0.0,5853,False,False
27,2020-07-01,13,SP,Maracaí,3528809,city,52,371.37552,5,0,0,0.0,14002,False,False
27,2020-07-01,57,SP,Marapoama,3528858,city,4,131.96965,0,0,0,0.0,3031,False,False
27,2020-07-01,34,SP,Mariápolis,3528908,city,1,24.4858,0,0,0,0.0,4084,False,False
27,2020-07-01,90,SP,Marília,3529005,city,378,158.23712,20,13,1,0.0344,238882,False,False
27,2020-07-01,25,SP,Marinópolis,3529104,city,1,47.34848,0,0,0,0.0,2112,False,False
27,2020-07-01,69,SP,Martinópolis,3529203,city,25,94.47867,2,1,0,0.04,26461,False,False
27,2020-07-01,93,SP,Matão,3529302,city,48,57.71312,7,1,0,0.0208,83170,False,False
27,2020-07-01,108,SP,Mauá,3529401,city,2342,495.22956,65,149,3,0.0636,472912,False,False
27,2020-07-01,48,SP,Mendonça,3529500,city,64,1165.75592,1,3,0,0.0469,5490,False,False
27,2020-07-01,55,SP,Meridiano,3529609,city,11,286.75704,0,0,0,0.0,3836,False,False
27,2020-07-01,5,SP,Mesópolis,3529658,city,1,52.4109,0,0,0,0.0,1908,False,False
27,2020-07-01,73,SP,Miguelópolis,3529708,city,27,121.47935,2,1,0,0.037,22226,False,False
27,2020-07-01,76,SP,Mineiros do Tietê,3529807,city,34,263.40254,1,1,0,0.0294,12908,False,False
27,2020-07-01,70,SP,Miracatu,3529906,city,123,621.87168,6,7,0,0.0569,19779,False,False
27,2020-07-01,13,SP,Mira Estrela,3530003,city,5,162.02203,1,0,0,0.0,3086,False,False
27,2020-07-01,73,SP,Mirandópolis,3530102,city,78,263.83439,16,5,0,0.0641,29564,False,False
27,2020-07-01,37,SP,Mirante do Paranapanema,3530201,city,14,76.67452,0,0,0,0.0,18259,False,False
27,2020-07-01,87,SP,Mirassol,3530300,city,135,225.66194,3,4,0,0.0296,59824,False,False
27,2020-07-01,25,SP,Mirassolândia,3530409,city,9,184.76699,1,0,0,0.0,4871,False,False
27,2020-07-01,85,SP,Mococa,3530508,city,118,171.29999,6,6,0,0.0508,68885,False,False
27,2020-07-01,104,SP,Mogi das Cruzes,3530607,city,2127,477.07484,46,165,5,0.0776,445842,False,False
27,2020-07-01,93,SP,Mogi Guaçu,3530706,city,657,432.55557,37,17,1,0.0259,151888,False,False
27,2020-07-01,78,SP,Mogi Mirim,3530805,city,224,240.37172,22,7,1,0.0312,93189,False,False
27,2020-07-01,13,SP,Mombuca,3530904,city,5,143.14343,1,0,0,0.0,3493,False,False
27,2020-07-01,46,SP,Monções,3531001,city,9,398.40637,2,1,0,0.1111,2259,False,False
27,2020-07-01,79,SP,Mongaguá,3531100,city,148,261.01372,2,5,0,0.0338,56702,False,False
27,2020-07-01,27,SP,Monte Alegre do Sul,3531209,city,11,136.84996,0,0,0,0.0,8038,False,False
27,2020-07-01,86,SP,Monte Alto,3531308,city,72,142.5799,1,1,0,0.0139,50498,False,False
27,2020-07-01,56,SP,Monte Aprazível,3531407,city,57,227.20931,5,1,0,0.0175,25087,False,False
27,2020-07-01,68,SP,Monte Azul Paulista,3531506,city,48,252.52525,5,0,0,0.0,19008,False,False
27,2020-07-01,13,SP,Monte Castelo,3531605,city,0,,0,0,0,0.0,4166,False,False
27,2020-07-01,47,SP,Monteiro Lobato,3531704,city,8,171.93209,1,0,0,0.0,4653,False,False
27,2020-07-01,78,SP,Monte Mor,3531803,city,288,481.83096,14,5,0,0.0174,59772,False,False
27,2020-07-01,78,SP,Morro Agudo,3531902,city,202,612.71536,11,5,0,0.0248,32968,False,False
27,2020-07-01,78,SP,Morungaba,3532009,city,35,256.93731,2,1,0,0.0286,13622,False,False
27,2020-07-01,38,SP,Motuca,3532058,city,14,294.24128,0,0,0,0.0,4758,False,False
27,2020-07-01,48,SP,Murutinga do Sul,3532108,city,5,111.45787,1,0,0,0.0,4486,False,False
27,2020-07-01,8,SP,Narandiba,3532207,city,0,,0,0,0,0.0,4857,False,False
27,2020-07-01,28,SP,Natividade da Serra,3532306,city,3,45.03828,0,1,0,0.3333,6661,False,False
27,2020-07-01,72,SP,Nazaré Paulista,3532405,city,53,286.11531,5,2,0,0.0377,18524,False,False
27,2020-07-01,57,SP,Neves Paulista,3532504,city,22,246.36058,1,0,0,0.0,8930,False,False
27,2020-07-01,79,SP,Nhandeara,3532603,city,13,113.26015,0,0,0,0.0,11478,False,False
27,2020-07-01,58,SP,Nipoã,3532702,city,22,422.02187,0,0,0,0.0,5213,False,False
27,2020-07-01,54,SP,Nova Aliança,3532801,city,35,501.93604,0,1,0,0.0286,6973,False,False
27,2020-07-01,54,SP,Nova Campina,3532827,city,1,10.25115,0,0,0,0.0,9755,False,False
27,2020-07-01,26,SP,Nova Castilho,3532868,city,5,394.63299,0,1,0,0.2,1267,False,False
27,2020-07-01,54,SP,Nova Europa,3532900,city,72,643.66172,1,0,0,0.0,11186,False,False
27,2020-07-01,59,SP,Nova Granada,3533007,city,22,102.32558,1,1,0,0.0455,21500,False,False
27,2020-07-01,63,SP,Nova Guataporanga,3533106,city,6,259.06736,0,0,0,0.0,2316,False,False
27,2020-07-01,36,SP,Novais,3533254,city,6,102.91595,0,0,0,0.0,5830,False,False
27,2020-07-01,30,SP,Nova Luzitânia,3533304,city,6,146.30578,2,0,0,0.0,4101,False,False
27,2020-07-01,93,SP,Nova Odessa,3533403,city,129,214.3783,5,11,0,0.0853,60174,False,False
27,2020-07-01,65,SP,Novo Horizonte,3533502,city,43,104.7452,0,0,0,0.0,41052,False,False
27,2020-07-01,48,SP,Nuporanga,3533601,city,6,80.73197,1,1,0,0.1667,7432,False,False
27,2020-07-01,26,SP,Ocauçu,3533700,city,2,46.63092,0,0,0,0.0,4289,False,False
27,2020-07-01,13,SP,Óleo,3533809,city,1,40.0641,0,0,0,0.0,2496,False,False
27,2020-07-01,85,SP,Olímpia,3533908,city,130,237.34755,8,3,0,0.0231,54772,False,False
27,2020-07-01,42,SP,Onda Verde,3534005,city,9,205.43255,1,0,0,0.0,4381,False,False
27,2020-07-01,41,SP,Oriente,3534104,city,6,92.09517,0,0,0,0.0,6515,False,False
27,2020-07-01,89,SP,Orlândia,3534302,city,135,306.62306,3,5,0,0.037,44028,False,False
27,2020-07-01,106,SP,Osasco,3534401,city,6004,859.65711,192,502,18,0.0836,698418,False,False
27,2020-07-01,2,SP,Oscar Bressane,3534500,city,1,38.41721,0,0,0,0.0,2603,False,False
27,2020-07-01,61,SP,Osvaldo Cruz,3534609,city,11,33.45601,-1,0,0,0.0,32879,False,False
27,2020-07-01,83,SP,Ourinhos,3534708,city,375,330.27426,12,5,0,0.0133,113542,False,False
27,2020-07-01,48,SP,Ouroeste,3534757,city,27,260.59261,-1,0,0,0.0,10361,False,False
27,2020-07-01,55,SP,Pacaembu,3534906,city,38,267.66218,0,2,0,0.0526,14197,False,False
27,2020-07-01,44,SP,Palestina,3535002,city,11,84.8962,0,0,0,0.0,12957,False,False
27,2020-07-01,45,SP,Palmares Paulista,3535101,city,23,173.258,0,2,0,0.087,13275,False,False
27,2020-07-01,42,SP,Palmeira d'Oeste,3535200,city,21,226.21997,1,0,0,0.0,9283,False,False
27,2020-07-01,70,SP,Palmital,3535309,city,29,130.50718,1,1,0,0.0345,22221,False,False
27,2020-07-01,48,SP,Panorama,3535408,city,14,88.73677,1,1,0,0.0714,15777,False,False
27,2020-07-01,34,SP,Paraguaçu Paulista,3535507,city,64,140.03457,4,2,0,0.0312,45703,False,False
27,2020-07-01,64,SP,Paraibuna,3535606,city,30,164.63615,1,0,0,0.0,18222,False,False
27,2020-07-01,32,SP,Paraíso,3535705,city,14,216.91974,0,1,0,0.0714,6454,False,False
27,2020-07-01,64,SP,Paranapanema,3535804,city,26,128.73199,0,1,0,0.0385,20197,False,False
27,2020-07-01,30,SP,Paranapuã,3535903,city,3,73.56547,1,0,0,0.0,4078,False,False
27,2020-07-01,41,SP,Parapuã,3536000,city,2,18.24152,0,0,0,0.0,10964,False,False
27,2020-07-01,43,SP,Pardinho,3536109,city,42,652.68065,1,1,0,0.0238,6435,False,False
27,2020-07-01,89,SP,Pariquera-Açu,3536208,city,197,1002.64658,3,6,0,0.0305,19648,False,False
27,2020-07-01,65,SP,Parisi,3536257,city,4,185.09949,0,0,0,0.0,2161,False,False
27,2020-07-01,57,SP,Patrocínio Paulista,3536307,city,17,115.88275,0,0,0,0.0,14670,False,False
27,2020-07-01,21,SP,Paulicéia,3536406,city,2,27.15178,0,0,0,0.0,7366,False,False
27,2020-07-01,94,SP,Paulínia,3536505,city,998,912.04855,71,12,0,0.012,109424,False,False
27,2020-07-01,76,SP,Paulistânia,3536570,city,5,272.77687,0,0,0,0.0,1833,False,False
27,2020-07-01,35,SP,Paulo de Faria,3536604,city,2,22.35886,0,0,0,0.0,8945,False,False
27,2020-07-01,78,SP,Pederneiras,3536703,city,175,374.83668,7,3,0,0.0171,46687,False,False
27,2020-07-01,83,SP,Pedra Bela,3536802,city,5,82.06138,0,0,0,0.0,6093,False,False
27,2020-07-01,13,SP,Pedranópolis,3536901,city,7,280.67362,0,0,0,0.0,2494,False,False
27,2020-07-01,9,SP,Pedregulho,3537008,city,2,11.94458,1,0,0,0.0,16744,False,False
27,2020-07-01,54,SP,Pedreira,3537107,city,24,50.08452,2,0,0,0.0,47919,False,False
27,2020-07-01,62,SP,Pedrinhas Paulista,3537156,city,4,129.32428,0,1,0,0.25,3093,False,False
27,2020-07-01,68,SP,Pedro de Toledo,3537206,city,7,61.77742,0,0,0,0.0,11331,False,False
27,2020-07-01,94,SP,Penápolis,3537305,city,46,72.5472,1,4,0,0.087,63407,False,False
27,2020-07-01,57,SP,Pereira Barreto,3537404,city,31,120.76824,2,3,0,0.0968,25669,False,False
27,2020-07-01,36,SP,Pereiras,3537503,city,21,242.27042,4,1,0,0.0476,8668,False,False
27,2020-07-01,86,SP,Peruíbe,3537602,city,135,197.70371,0,11,0,0.0815,68284,False,False
27,2020-07-01,75,SP,Piedade,3537800,city,186,336.0555,3,10,0,0.0538,55348,False,False
27,2020-07-01,79,SP,Pilar do Sul,3537909,city,57,195.30581,1,2,0,0.0351,29185,False,False
27,2020-07-01,86,SP,Pindamonhangaba,3538006,city,197,117.03341,15,11,0,0.0558,168328,False,False
27,2020-07-01,85,SP,Pindorama,3538105,city,46,269.81055,5,2,0,0.0435,17049,False,False
27,2020-07-01,68,SP,Pinhalzinho,3538204,city,16,105.2147,0,0,0,0.0,15207,False,False
27,2020-07-01,65,SP,Piquerobi,3538303,city,7,189.59913,0,0,0,0.0,3692,False,False
27,2020-07-01,44,SP,Piquete,3538501,city,22,161.08955,0,1,0,0.0455,13657,False,False
27,2020-07-01,77,SP,Piracaia,3538600,city,65,238.06908,6,2,0,0.0308,27303,False,False
27,2020-07-01,94,SP,Piracicaba,3538709,city,2180,539.41436,124,91,3,0.0417,404142,False,False
27,2020-07-01,74,SP,Piraju,3538808,city,107,358.98812,3,4,0,0.0374,29806,False,False
27,2020-07-01,93,SP,Pirajuí,3538907,city,44,172.60317,2,2,0,0.0455,25492,False,False
27,2020-07-01,48,SP,Pirangi,3539004,city,48,420.42568,3,1,0,0.0208,11417,False,False
27,2020-07-01,68,SP,Pirapora do Bom Jesus,3539103,city,169,894.41651,8,4,0,0.0237,18895,False,False
27,2020-07-01,57,SP,Pirapozinho,3539202,city,47,170.74145,3,4,0,0.0851,27527,False,False
27,2020-07-01,70,SP,Pirassununga,3539301,city,259,338.96531,12,2,0,0.0077,76409,False,False
27,2020-07-01,78,SP,Piratininga,3539400,city,80,586.68231,0,3,0,0.0375,13636,False,False
27,2020-07-01,70,SP,Pitangueiras,3539509,city,91,229.10949,4,2,0,0.022,39719,False,False
27,2020-07-01,48,SP,Planalto,3539608,city,40,763.79607,0,1,1,0.025,5237,False,False
27,2020-07-01,9,SP,Platina,3539707,city,2,56.33803,0,0,0,0.0,3550,False,False
27,2020-07-01,99,SP,Poá,3539806,city,527,448.69393,7,55,0,0.1044,117452,False,False
27,2020-07-01,53,SP,Poloni,3539905,city,2,33.00875,0,1,0,0.5,6059,False,False
27,2020-07-01,37,SP,Pompéia,3540002,city,7,31.79795,-1,1,0,0.1429,22014,False,False
27,2020-07-01,79,SP,Pontal,3540200,city,219,438.34191,22,10,0,0.0457,49961,False,False
27,2020-07-01,41,SP,Pontalinda,3540259,city,15,324.11409,0,3,0,0.2,4628,False,False
27,2020-07-01,43,SP,Pontes Gestal,3540309,city,6,232.82887,2,0,0,0.0,2577,False,False
27,2020-07-01,75,SP,Populina,3540408,city,16,383.78508,1,1,0,0.0625,4169,False,False
27,2020-07-01,56,SP,Porangaba,3540507,city,9,90.6801,1,0,0,0.0,9925,False,False
27,2020-07-01,94,SP,Porto Feliz,3540606,city,261,491.54394,20,3,0,0.0115,53098,False,False
27,2020-07-01,83,SP,Porto Ferreira,3540705,city,104,185.21817,6,1,0,0.0096,56150,False,False
27,2020-07-01,49,SP,Potim,3540754,city,12,48.69537,1,0,0,0.0,24643,False,False
27,2020-07-01,50,SP,Potirendaba,3540804,city,78,449.28288,5,2,0,0.0256,17361,False,False
27,2020-07-01,61,SP,Pracinha,3540853,city,3,73.29587,0,0,0,0.0,4093,False,False
27,2020-07-01,66,SP,Pradópolis,3540903,city,71,330.29401,1,6,0,0.0845,21496,False,False
27,2020-07-01,92,SP,Praia Grande,3541000,city,2586,795.51362,57,88,2,0.034,325073,False,False
27,2020-07-01,78,SP,Pratânia,3541059,city,10,190.07793,0,0,0,0.0,5261,False,False
27,2020-07-01,68,SP,Presidente Alves,3541109,city,7,170.98192,0,0,0,0.0,4094,False,False
27,2020-07-01,54,SP,Presidente Bernardes,3541208,city,26,198.38242,1,0,0,0.0,13106,False,False
27,2020-07-01,64,SP,Presidente Epitácio,3541307,city,32,72.39819,2,2,0,0.0625,44200,False,False
27,2020-07-01,85,SP,Presidente Prudente,3541406,city,702,306.89464,35,19,0,0.0271,228743,False,False
27,2020-07-01,87,SP,Presidente Venceslau,3541505,city,67,169.55157,6,9,1,0.1343,39516,False,False
27,2020-07-01,90,SP,Promissão,3541604,city,151,373.46656,17,0,0,0.0,40432,False,False
27,2020-07-01,43,SP,Quadra,3541653,city,3,78.86435,0,0,0,0.0,3804,False,False
27,2020-07-01,72,SP,Quatá,3541703,city,24,170.10419,0,2,0,0.0833,14109,False,False
27,2020-07-01,27,SP,Queiroz,3541802,city,12,352.31944,1,1,0,0.0833,3406,False,False
27,2020-07-01,10,SP,Queluz,3541901,city,8,59.61252,0,0,0,0.0,13420,False,False
27,2020-07-01,73,SP,Quintana,3542008,city,4,60.25911,0,0,0,0.0,6638,False,False
27,2020-07-01,27,SP,Rafard,3542107,city,38,418.68665,2,0,0,0.0,9076,False,False
27,2020-07-01,76,SP,Rancharia,3542206,city,26,87.52146,5,2,1,0.0769,29707,False,False
27,2020-07-01,27,SP,Redenção da Serra,3542305,city,8,207.73825,0,0,0,0.0,3851,False,False
27,2020-07-01,65,SP,Regente Feijó,3542404,city,18,88.84063,2,0,0,0.0,20261,False,False
27,2020-07-01,57,SP,Reginópolis,3542503,city,3,31.18179,-1,1,0,0.3333,9621,False,False
27,2020-07-01,76,SP,Registro,3542602,city,347,616.10028,35,9,1,0.0259,56322,False,False
27,2020-07-01,6,SP,Restinga,3542701,city,1,13.17003,0,0,0,0.0,7593,False,False
27,2020-07-01,21,SP,Ribeira,3542800,city,4,119.76048,0,0,0,0.0,3340,False,False
27,2020-07-01,40,SP,Ribeirão Bonito,3542909,city,16,121.0379,2,0,0,0.0,13219,False,False
27,2020-07-01,65,SP,Ribeirão Branco,3543006,city,28,170.27487,0,0,0,0.0,16444,False,False
27,2020-07-01,50,SP,Ribeirão dos Índios,3543238,city,4,179.77528,0,2,0,0.5,2225,False,False
27,2020-07-01,27,SP,Ribeirão do Sul,3543204,city,6,132.12949,0,0,0,0.0,4541,False,False
27,2020-07-01,50,SP,Ribeirão Grande,3543253,city,18,234.58882,2,0,0,0.0,7673,False,False
27,2020-07-01,99,SP,Ribeirão Pires,3543303,city,473,383.32807,7,27,1,0.0571,123393,False,False
27,2020-07-01,98,SP,Ribeirão Preto,3543402,city,4148,589.79686,191,161,5,0.0388,703293,False,False
27,2020-07-01,13,SP,Rifaina,3543600,city,0,,0,0,0,0.0,3629,False,False
27,2020-07-01,79,SP,Rincão,3543709,city,18,166.6821,0,1,0,0.0556,10799,False,False
27,2020-07-01,78,SP,Rinópolis,3543808,city,6,60.11422,0,0,0,0.0,9981,False,False
27,2020-07-01,99,SP,Rio Claro,3543907,city,661,320.2147,41,31,1,0.0469,206424,False,False
27,2020-07-01,64,SP,Rio das Pedras,3544004,city,83,235.60804,5,3,0,0.0361,35228,False,False
27,2020-07-01,86,SP,Rio Grande da Serra,3544103,city,214,420.87873,9,10,0,0.0467,50846,False,False
27,2020-07-01,44,SP,Riolândia,3544202,city,8,63.90797,2,0,0,0.0,12518,False,False
27,2020-07-01,8,SP,Riversul,3543501,city,2,36.20565,0,0,0,0.0,5524,False,False
27,2020-07-01,44,SP,Rosana,3544251,city,20,120.17064,0,0,0,0.0,16643,False,False
27,2020-07-01,49,SP,Roseira,3544301,city,14,130.69455,0,1,0,0.0714,10712,False,False
27,2020-07-01,50,SP,Rubiácea,3544400,city,19,607.41688,0,0,0,0.0,3128,False,False
27,2020-07-01,23,SP,Sabino,3544608,city,2,35.77818,0,1,0,0.5,5590,False,False
27,2020-07-01,47,SP,Sagres,3544707,city,2,82.23684,0,0,0,0.0,2432,False,False
27,2020-07-01,44,SP,Sales,3544806,city,6,94.77176,0,1,0,0.1667,6331,False,False
27,2020-07-01,44,SP,Sales Oliveira,3544905,city,31,260.7233,2,0,0,0.0,11890,False,False
27,2020-07-01,70,SP,Salesópolis,3545001,city,45,262.55908,10,6,0,0.1333,17139,False,False
27,2020-07-01,12,SP,Salmourão,3545100,city,3,56.60377,0,0,0,0.0,5300,False,False
27,2020-07-01,64,SP,Saltinho,3545159,city,39,470.67343,1,1,0,0.0256,8286,False,False
27,2020-07-01,86,SP,Salto,3545209,city,233,196.35438,10,6,0,0.0258,118663,False,False
27,2020-07-01,93,SP,Salto de Pirapora,3545308,city,142,312.62384,4,5,0,0.0352,45422,False,False
27,2020-07-01,63,SP,Salto Grande,3545407,city,19,203.62233,0,0,0,0.0,9331,False,False
27,2020-07-01,2,SP,Sandovalina,3545506,city,1,23.245,0,0,0,0.0,4302,False,False
27,2020-07-01,45,SP,Santa Adélia,3545605,city,40,258.39793,1,0,0,0.0,15480,False,False
27,2020-07-01,12,SP,Santa Albertina,3545704,city,7,116.51132,0,0,0,0.0,6008,False,False
27,2020-07-01,83,SP,Santa Bárbara d'Oeste,3545803,city,511,264.11681,11,17,0,0.0333,193475,False,False
27,2020-07-01,89,SP,Santa Branca,3546009,city,51,344.87422,2,2,0,0.0392,14788,False,False
27,2020-07-01,50,SP,Santa Clara d'Oeste,3546108,city,4,189.1253,0,0,0,0.0,2115,False,False
27,2020-07-01,68,SP,Santa Cruz da Conceição,3546207,city,29,644.0151,5,0,0,0.0,4503,False,False
27,2020-07-01,56,SP,Santa Cruz da Esperança,3546256,city,7,327.25573,1,0,0,0.0,2139,False,False
27,2020-07-01,58,SP,Santa Cruz das Palmeiras,3546306,city,112,325.95093,6,1,0,0.0089,34361,False,False
27,2020-07-01,87,SP,Santa Cruz do Rio Pardo,3546405,city,196,411.13418,11,2,0,0.0102,47673,False,False
27,2020-07-01,21,SP,Santa Ernestina,3546504,city,21,375.06698,6,0,0,0.0,5599,False,False
27,2020-07-01,66,SP,Santa Fé do Sul,3546603,city,76,235.13396,8,0,0,0.0,32322,False,False
27,2020-07-01,77,SP,Santa Gertrudes,3546702,city,64,237.93591,6,3,0,0.0469,26898,False,False
27,2020-07-01,93,SP,Santa Isabel,3546801,city,379,660.43983,12,38,1,0.1003,57386,False,False
27,2020-07-01,82,SP,Santa Lúcia,3546900,city,15,170.12589,2,0,0,0.0,8817,False,False
27,2020-07-01,63,SP,Santa Maria da Serra,3547007,city,40,647.98315,0,0,0,0.0,6173,False,False
27,2020-07-01,36,SP,Santana da Ponte Pensa,3547205,city,2,134.49899,0,0,0,0.0,1487,False,False
27,2020-07-01,117,SP,Santana de Parnaíba,3547304,city,1095,785.24457,36,41,1,0.0374,139447,False,False
27,2020-07-01,70,SP,Santa Rita do Passa Quatro,3547502,city,48,174.18442,0,2,0,0.0417,27557,False,False
27,2020-07-01,39,SP,Santa Rosa de Viterbo,3547601,city,15,56.51846,0,0,0,0.0,26540,False,False
27,2020-07-01,42,SP,Santa Salete,3547650,city,26,1682.8479,0,1,0,0.0385,1545,False,False
27,2020-07-01,57,SP,Santo Anastácio,3547700,city,26,124.533,2,3,0,0.1154,20878,False,False
27,2020-07-01,108,SP,Santo André,3547809,city,6704,932.70059,314,259,3,0.0386,718773,False,False
27,2020-07-01,76,SP,Santo Antônio da Alegria,3547908,city,7,101.02468,0,2,0,0.2857,6929,False,False
27,2020-07-01,65,SP,Santo Antônio de Posse,3548005,city,41,175.89018,1,0,0,0.0,23310,False,False
27,2020-07-01,68,SP,Santo Antônio do Aracanguá,3548054,city,44,522.56532,1,4,1,0.0909,8420,False,False
27,2020-07-01,55,SP,Santo Antônio do Jardim,3548104,city,19,319.1132,0,2,0,0.1053,5954,False,False
27,2020-07-01,68,SP,Santo Antônio do Pinhal,3548203,city,12,176.18558,0,2,0,0.1667,6811,False,False
27,2020-07-01,51,SP,Santo Expedito,3548302,city,6,192.86403,0,0,0,0.0,3111,False,False
27,2020-07-01,43,SP,Santópolis do Aguapeí,3548401,city,2,41.86728,0,1,0,0.5,4777,False,False
27,2020-07-01,94,SP,Santos,3548500,city,9448,2180.42007,172,372,2,0.0394,433311,False,False
27,2020-07-01,48,SP,São Bento do Sapucaí,3548609,city,8,73.54293,0,0,0,0.0,10878,False,False
27,2020-07-01,108,SP,São Bernardo do Campo,3548708,city,8077,962.76712,330,387,14,0.0479,838936,False,False
27,2020-07-01,108,SP,São Caetano do Sul,3548807,city,1697,1053.20648,43,94,1,0.0554,161127,False,False
27,2020-07-01,87,SP,São Carlos,3548906,city,504,200.01349,14,13,0,0.0258,251983,False,False
27,2020-07-01,28,SP,São Francisco,3549003,city,2,70.89685,0,0,0,0.0,2821,False,False
27,2020-07-01,84,SP,São João da Boa Vista,3549102,city,106,116.21405,4,5,0,0.0472,91211,False,False
27,2020-07-01,50,SP,São João das Duas Pontes,3549201,city,38,1479.75078,0,1,0,0.0263,2568,False,False
27,2020-07-01,26,SP,São João de Iracema,3549250,city,12,624.34964,0,0,0,0.0,1922,False,False
27,2020-07-01,49,SP,São João do Pau d'Alho,3549300,city,1,47.50594,0,0,0,0.0,2105,False,False
27,2020-07-01,77,SP,São Joaquim da Barra,3549409,city,143,275.59359,4,1,0,0.007,51888,False,False
27,2020-07-01,36,SP,São José da Bela Vista,3549508,city,5,56.00358,0,1,0,0.2,8928,False,False
27,2020-07-01,93,SP,São José do Rio Pardo,3549706,city,67,121.9379,1,4,0,0.0597,54946,False,False
27,2020-07-01,106,SP,São José do Rio Preto,3549805,city,2733,593.26504,136,82,2,0.03,460671,False,False
27,2020-07-01,106,SP,São José dos Campos,3549904,city,3064,424.40965,121,94,2,0.0307,721944,False,False
27,2020-07-01,72,SP,São Lourenço da Serra,3549953,city,55,347.55134,2,3,0,0.0545,15825,False,False
27,2020-07-01,56,SP,São Luiz do Paraitinga,3550001,city,5,46.78581,0,1,0,0.2,10687,False,False
27,2020-07-01,89,SP,São Manuel,3550100,city,86,209.9917,0,4,0,0.0465,40954,False,False
27,2020-07-01,83,SP,São Miguel Arcanjo,3550209,city,109,330.99511,1,5,0,0.0459,32931,False,False
27,2020-07-01,128,SP,São Paulo,3550308,city,129328,1055.56446,2209,7258,96,0.0561,12252023,False,False
27,2020-07-01,94,SP,São Pedro,3550407,city,112,314.13906,0,3,0,0.0268,35653,False,False
27,2020-07-01,61,SP,São Pedro do Turvo,3550506,city,7,91.31229,0,0,0,0.0,7666,False,False
27,2020-07-01,86,SP,São Roque,3550605,city,187,205.45838,9,10,0,0.0535,91016,False,False
27,2020-07-01,99,SP,São Sebastião,3550704,city,467,524.83704,1,5,0,0.0107,88980,False,False
27,2020-07-01,70,SP,São Sebastião da Grama,3550803,city,14,114.92366,2,1,0,0.0714,12182,False,False
27,2020-07-01,41,SP,São Simão,3550902,city,25,163.16408,2,1,0,0.04,15322,False,False
27,2020-07-01,93,SP,São Vicente,3551009,city,3124,854.02326,64,169,4,0.0541,365798,False,False
27,2020-07-01,64,SP,Sarapuí,3551108,city,6,58.33738,0,0,0,0.0,10285,False,False
27,2020-07-01,57,SP,Sarutaiá,3551207,city,3,82.46289,0,0,0,0.0,3638,False,False
27,2020-07-01,24,SP,Sebastianópolis do Sul,3551306,city,10,284.65699,1,0,0,0.0,3513,False,False
27,2020-07-01,55,SP,Serra Azul,3551405,city,10,68.20352,0,0,0,0.0,14662,False,False
27,2020-07-01,75,SP,Serrana,3551504,city,122,270.468,2,11,1,0.0902,45107,False,False
27,2020-07-01,69,SP,Serra Negra,3551603,city,25,85.53149,0,0,0,0.0,29229,False,False
27,2020-07-01,85,SP,Sertãozinho,3551702,city,439,348.92501,29,10,0,0.0228,125815,False,False
27,2020-07-01,58,SP,Sete Barras,3551801,city,20,155.86035,0,1,0,0.05,12832,False,False
27,2020-07-01,50,SP,Severínia,3551900,city,26,148.6054,1,0,0,0.0,17496,False,False
27,2020-07-01,52,SP,Silveiras,3552007,city,2,31.73596,0,0,0,0.0,6302,False,False
27,2020-07-01,68,SP,Socorro,3552106,city,43,104.86526,6,4,0,0.093,41005,False,False
27,2020-07-01,97,SP,Sorocaba,3552205,city,4540,668.25832,240,125,3,0.0275,679378,False,False
27,2020-07-01,58,SP,Sud Mennucci,3552304,city,9,116.61052,0,0,0,0.0,7718,False,False
27,2020-07-01,86,SP,Sumaré,3552403,city,1167,413.18364,83,32,0,0.0274,282441,False,False
27,2020-07-01,8,SP,Suzanápolis,3552551,city,2,50.46682,1,0,0,0.0,3963,False,False
27,2020-07-01,105,SP,Suzano,3552502,city,1516,509.34528,48,107,3,0.0706,297637,False,False
27,2020-07-01,51,SP,Tabapuã,3552601,city,137,1104.21536,1,7,1,0.0511,12407,False,False
27,2020-07-01,57,SP,Tabatinga,3552700,city,36,218.23472,0,0,0,0.0,16496,False,False
27,2020-07-01,99,SP,Taboão da Serra,3552809,city,2158,745.0011,32,130,1,0.0602,289664,False,False
27,2020-07-01,12,SP,Taciba,3552908,city,5,79.55449,1,0,0,0.0,6285,False,False
27,2020-07-01,55,SP,Taguaí,3553005,city,15,108.23292,1,1,0,0.0667,13859,False,False
27,2020-07-01,77,SP,Taiaçu,3553104,city,18,285.94122,0,0,0,0.0,6295,False,False
27,2020-07-01,43,SP,Taiúva,3553203,city,17,305.4258,2,0,0,0.0,5566,False,False
27,2020-07-01,50,SP,Tambaú,3553302,city,28,120.65325,1,0,0,0.0,23207,False,False
27,2020-07-01,85,SP,Tanabi,3553401,city,104,400.50834,5,3,0,0.0288,25967,False,False
27,2020-07-01,56,SP,Tapiraí,3553500,city,59,755.73204,0,0,0,0.0,7807,False,False
27,2020-07-01,57,SP,Tapiratiba,3553609,city,9,69.44444,1,0,0,0.0,12960,False,False
27,2020-07-01,29,SP,Taquaral,3553658,city,2,71.14906,0,0,0,0.0,2811,False,False
27,2020-07-01,74,SP,Taquaritinga,3553708,city,54,94.44357,1,1,1,0.0185,57177,False,False
27,2020-07-01,75,SP,Taquarituba,3553807,city,17,73.21905,0,0,0,0.0,23218,False,False
27,2020-07-01,55,SP,Taquarivaí,3553856,city,8,136.7054,0,0,0,0.0,5852,False,False
27,2020-07-01,75,SP,Tarabai,3553906,city,12,160.68559,0,1,0,0.0833,7468,False,False
27,2020-07-01,62,SP,Tarumã,3553955,city,18,120.0,0,0,0,0.0,15000,False,False
27,2020-07-01,98,SP,Tatuí,3554003,city,395,324.39269,9,21,0,0.0532,121766,False,False
27,2020-07-01,105,SP,Taubaté,3554102,city,512,162.57891,30,9,1,0.0176,314924,False,False
27,2020-07-01,45,SP,Tejupá,3554201,city,10,220.65313,0,0,0,0.0,4532,False,False
27,2020-07-01,55,SP,Teodoro Sampaio,3554300,city,15,64.80041,1,0,0,0.0,23148,False,False
27,2020-07-01,88,SP,Terra Roxa,3554409,city,88,939.16756,1,3,1,0.0341,9370,False,False
27,2020-07-01,62,SP,Tietê,3554508,city,69,163.98897,6,2,0,0.029,42076,False,False
27,2020-07-01,63,SP,Timburi,3554607,city,4,150.48909,0,0,0,0.0,2658,False,False
27,2020-07-01,57,SP,Torre de Pedra,3554656,city,6,248.75622,0,2,0,0.3333,2412,False,False
27,2020-07-01,57,SP,Torrinha,3554706,city,70,699.3007,4,3,0,0.0429,10010,False,False
27,2020-07-01,46,SP,Trabiju,3554755,city,1,58.00464,0,0,0,0.0,1724,False,False
27,2020-07-01,50,SP,Tremembé,3554805,city,35,74.17612,2,0,0,0.0,47185,False,False
27,2020-07-01,43,SP,Três Fronteiras,3554904,city,19,327.19132,0,0,0,0.0,5807,False,False
27,2020-07-01,68,SP,Tuiuti,3554953,city,10,145.05367,1,0,0,0.0,6894,False,False
27,2020-07-01,83,SP,Tupã,3555000,city,51,77.83408,2,2,0,0.0392,65524,False,False
27,2020-07-01,65,SP,Tupi Paulista,3555109,city,42,271.05518,0,0,0,0.0,15495,False,False
27,2020-07-01,15,SP,Turiúba,3555208,city,1,49.60317,0,1,0,1.0,2016,False,False
27,2020-07-01,29,SP,Turmalina,3555307,city,4,231.61552,0,0,0,0.0,1727,False,False
27,2020-07-01,21,SP,Ubarana,3555356,city,11,174.3541,0,0,0,0.0,6309,False,False
27,2020-07-01,80,SP,Ubatuba,3555406,city,160,176.21339,4,9,0,0.0563,90799,False,False
27,2020-07-01,55,SP,Ubirajara,3555505,city,19,397.48954,1,1,0,0.0526,4780,False,False
27,2020-07-01,58,SP,Uchoa,3555604,city,43,425.32146,2,5,1,0.1163,10110,False,False
27,2020-07-01,56,SP,União Paulista,3555703,city,10,542.29935,0,0,0,0.0,1844,False,False
27,2020-07-01,39,SP,Urânia,3555802,city,69,757.07702,7,5,0,0.0725,9114,False,False
27,2020-07-01,57,SP,Uru,3555901,city,4,343.34764,0,1,0,0.25,1165,False,False
27,2020-07-01,49,SP,Urupês,3556008,city,9,65.17489,1,0,0,0.0,13809,False,False
27,2020-07-01,47,SP,Valentim Gentil,3556107,city,77,577.8178,3,0,0,0.0,13326,False,False
27,2020-07-01,99,SP,Valinhos,3556206,city,600,464.42145,53,14,0,0.0233,129193,False,False
27,2020-07-01,54,SP,Valparaíso,3556305,city,90,339.87915,6,5,1,0.0556,26480,False,False
27,2020-07-01,64,SP,Vargem,3556354,city,17,161.33624,2,1,0,0.0588,10537,False,False
27,2020-07-01,62,SP,Vargem Grande do Sul,3556404,city,45,105.02976,2,0,0,0.0,42845,False,False
27,2020-07-01,105,SP,Vargem Grande Paulista,3556453,city,204,387.85482,2,15,0,0.0735,52597,False,False
27,2020-07-01,79,SP,Várzea Paulista,3556503,city,449,368.52214,15,31,0,0.069,121838,False,False
27,2020-07-01,16,SP,Vera Cruz,3556602,city,1,9.22254,0,0,0,0.0,10843,False,False
27,2020-07-01,93,SP,Vinhedo,3556701,city,317,402.65217,25,10,0,0.0315,78728,False,False
27,2020-07-01,55,SP,Viradouro,3556800,city,37,195.78791,1,3,0,0.0811,18898,False,False
27,2020-07-01,72,SP,Vista Alegre do Alto,3556909,city,47,533.48468,0,2,0,0.0426,8810,False,False
27,2020-07-01,11,SP,Vitória Brasil,3556958,city,1,54.34783,0,0,0,0.0,1840,False,False
27,2020-07-01,93,SP,Votorantim,3557006,city,515,420.47681,18,19,1,0.0369,122480,False,False
27,2020-07-01,93,SP,Votuporanga,3557105,city,504,533.06821,31,14,1,0.0278,94547,False,False
27,2020-07-01,42,SP,Zacarias,3557154,city,10,367.91759,0,0,0,0.0,2718,False,False
27,2020-07-01,128,SP,,35,state,289935,631.40463,8555,15030,267,0.0518,45919049,False,False
